section id,recording id,blink id,start timestamp [ns],end timestamp [ns],duration [ms]
dd8e5674-484b-4529-8035-cb158eb757b5,15500a9f-da4b-4f40-ac69-6c13e96965ca,1,1765440735255700657,1765440735661072657,405
dd8e5674-484b-4529-8035-cb158eb757b5,15500a9f-da4b-4f40-ac69-6c13e96965ca,2,1765440739159294657,1765440739419542657,260
dd8e5674-484b-4529-8035-cb158eb757b5,15500a9f-da4b-4f40-ac69-6c13e96965ca,3,1765440751255581657,1765440751495709657,240
dd8e5674-484b-4529-8035-cb158eb757b5,15500a9f-da4b-4f40-ac69-6c13e96965ca,4,1765440755414415657,1765440755669672657,255
dd8e5674-484b-4529-8035-cb158eb757b5,15500a9f-da4b-4f40-ac69-6c13e96965ca,5,1765440760464125657,1765440760704248657,240
dd8e5674-484b-4529-8035-cb158eb757b5,15500a9f-da4b-4f40-ac69-6c13e96965ca,6,1765440760999623657,1765440761239743657,240
dd8e5674-484b-4529-8035-cb158eb757b5,15500a9f-da4b-4f40-ac69-6c13e96965ca,7,1765440761359868657,1765440761590116657,230
dd8e5674-484b-4529-8035-cb158eb757b5,15500a9f-da4b-4f40-ac69-6c13e96965ca,8,1765440765573834657,1765440765794082657,220
dd8e5674-484b-4529-8035-cb158eb757b5,15500a9f-da4b-4f40-ac69-6c13e96965ca,9,1765440769857800657,1765440770153059657,295
dd8e5674-484b-4529-8035-cb158eb757b5,15500a9f-da4b-4f40-ac69-6c13e96965ca,10,1765440770303171657,1765440770558419657,255
dd8e5674-484b-4529-8035-cb158eb757b5,15500a9f-da4b-4f40-ac69-6c13e96965ca,11,1765440771429287657,1765440771664535657,235
dd8e5674-484b-4529-8035-cb158eb757b5,15500a9f-da4b-4f40-ac69-6c13e96965ca,12,1765440772710402657,1765440772960650657,250
dd8e5674-484b-4529-8035-cb158eb757b5,15500a9f-da4b-4f40-ac69-6c13e96965ca,13,1765440773441146657,1765440773726405657,285
dd8e5674-484b-4529-8035-cb158eb757b5,15500a9f-da4b-4f40-ac69-6c13e96965ca,14,1765440775428006657,1765440775678254657,250
dd8e5674-484b-4529-8035-cb158eb757b5,15500a9f-da4b-4f40-ac69-6c13e96965ca,15,1765440776228750657,1765440776498997657,270
dd8e5674-484b-4529-8035-cb158eb757b5,15500a9f-da4b-4f40-ac69-6c13e96965ca,16,1765440776929369657,1765440777219617657,290
dd8e5674-484b-4529-8035-cb158eb757b5,15500a9f-da4b-4f40-ac69-6c13e96965ca,17,1765440778695980657,1765440778916237657,220
dd8e5674-484b-4529-8035-cb158eb757b5,15500a9f-da4b-4f40-ac69-6c13e96965ca,18,1765440780923088657,1765440781138340657,215
dd8e5674-484b-4529-8035-cb158eb757b5,15500a9f-da4b-4f40-ac69-6c13e96965ca,19,1765440785777552657,1765440786032804657,255
dd8e5674-484b-4529-8035-cb158eb757b5,15500a9f-da4b-4f40-ac69-6c13e96965ca,20,1765440789120651657,1765440789375899657,255
dd8e5674-484b-4529-8035-cb158eb757b5,15500a9f-da4b-4f40-ac69-6c13e96965ca,21,1765440789711272657,1765440789956520657,245
dd8e5674-484b-4529-8035-cb158eb757b5,15500a9f-da4b-4f40-ac69-6c13e96965ca,22,1765440792553876657,1765440792809138657,255
dd8e5674-484b-4529-8035-cb158eb757b5,15500a9f-da4b-4f40-ac69-6c13e96965ca,23,1765440796387472657,1765440796597598657,210
dd8e5674-484b-4529-8035-cb158eb757b5,15500a9f-da4b-4f40-ac69-6c13e96965ca,24,1765440796827844657,1765440797108092657,280
dd8e5674-484b-4529-8035-cb158eb757b5,15500a9f-da4b-4f40-ac69-6c13e96965ca,25,1765440798679581657,1765440798919835657,240
dd8e5674-484b-4529-8035-cb158eb757b5,15500a9f-da4b-4f40-ac69-6c13e96965ca,26,1765440800366193657,1765440800586317657,220
dd8e5674-484b-4529-8035-cb158eb757b5,15500a9f-da4b-4f40-ac69-6c13e96965ca,27,1765440801452185657,1765440801722434657,270
dd8e5674-484b-4529-8035-cb158eb757b5,15500a9f-da4b-4f40-ac69-6c13e96965ca,28,1765440802688302657,1765440802943550657,255
dd8e5674-484b-4529-8035-cb158eb757b5,15500a9f-da4b-4f40-ac69-6c13e96965ca,29,1765440803979542657,1765440804244790657,265
dd8e5674-484b-4529-8035-cb158eb757b5,15500a9f-da4b-4f40-ac69-6c13e96965ca,30,1765440806531903657,1765440806742023657,210
dd8e5674-484b-4529-8035-cb158eb757b5,15500a9f-da4b-4f40-ac69-6c13e96965ca,31,1765440809094256657,1765440809334507657,240
dd8e5674-484b-4529-8035-cb158eb757b5,15500a9f-da4b-4f40-ac69-6c13e96965ca,32,1765440810250373657,1765440810505621657,255
dd8e5674-484b-4529-8035-cb158eb757b5,15500a9f-da4b-4f40-ac69-6c13e96965ca,33,1765440811451497657,1765440811766738657,315
dd8e5674-484b-4529-8035-cb158eb757b5,15500a9f-da4b-4f40-ac69-6c13e96965ca,34,1765440813443363657,1765440813678474657,235
dd8e5674-484b-4529-8035-cb158eb757b5,15500a9f-da4b-4f40-ac69-6c13e96965ca,35,1765440817942446657,1765440818197694657,255
dd8e5674-484b-4529-8035-cb158eb757b5,15500a9f-da4b-4f40-ac69-6c13e96965ca,36,1765440819784183657,1765440820069432657,285
dd8e5674-484b-4529-8035-cb158eb757b5,15500a9f-da4b-4f40-ac69-6c13e96965ca,37,1765440820950301657,1765440821235549657,285
dd8e5674-484b-4529-8035-cb158eb757b5,15500a9f-da4b-4f40-ac69-6c13e96965ca,38,1765440823177290657,1765440823422535657,245
dd8e5674-484b-4529-8035-cb158eb757b5,15500a9f-da4b-4f40-ac69-6c13e96965ca,39,1765440824579357657,1765440824859593657,280
dd8e5674-484b-4529-8035-cb158eb757b5,15500a9f-da4b-4f40-ac69-6c13e96965ca,40,1765440827762347657,1765440827987472657,225
dd8e5674-484b-4529-8035-cb158eb757b5,15500a9f-da4b-4f40-ac69-6c13e96965ca,41,1765440829103598657,1765440829348849657,245
dd8e5674-484b-4529-8035-cb158eb757b5,15500a9f-da4b-4f40-ac69-6c13e96965ca,42,1765440829694099657,1765440829989350657,295
dd8e5674-484b-4529-8035-cb158eb757b5,15500a9f-da4b-4f40-ac69-6c13e96965ca,43,1765440830805101657,1765440831050351657,245
dd8e5674-484b-4529-8035-cb158eb757b5,15500a9f-da4b-4f40-ac69-6c13e96965ca,44,1765440834873981657,1765440835089107657,215
dd8e5674-484b-4529-8035-cb158eb757b5,15500a9f-da4b-4f40-ac69-6c13e96965ca,45,1765440836880859657,1765440837131110657,250
dd8e5674-484b-4529-8035-cb158eb757b5,15500a9f-da4b-4f40-ac69-6c13e96965ca,46,1765440838046986657,1765440838312236657,265
dd8e5674-484b-4529-8035-cb158eb757b5,15500a9f-da4b-4f40-ac69-6c13e96965ca,47,1765440842641246657,1765440842881494657,240
dd8e5674-484b-4529-8035-cb158eb757b5,15500a9f-da4b-4f40-ac69-6c13e96965ca,48,1765440844082621657,1765440844352877657,270
dd8e5674-484b-4529-8035-cb158eb757b5,15500a9f-da4b-4f40-ac69-6c13e96965ca,49,1765440847655877657,1765440847916128657,260
dd8e5674-484b-4529-8035-cb158eb757b5,15500a9f-da4b-4f40-ac69-6c13e96965ca,50,1765440848266507657,1765440848516754657,250
dd8e5674-484b-4529-8035-cb158eb757b5,15500a9f-da4b-4f40-ac69-6c13e96965ca,51,1765440850343507657,1765440850593633657,250
dd8e5674-484b-4529-8035-cb158eb757b5,15500a9f-da4b-4f40-ac69-6c13e96965ca,52,1765440852430386657,1765440852695636657,265
dd8e5674-484b-4529-8035-cb158eb757b5,15500a9f-da4b-4f40-ac69-6c13e96965ca,53,1765440854532390657,1765440855027891657,496
dd8e5674-484b-4529-8035-cb158eb757b5,15500a9f-da4b-4f40-ac69-6c13e96965ca,54,1765440855308142657,1765440855623392657,315
dd8e5674-484b-4529-8035-cb158eb757b5,15500a9f-da4b-4f40-ac69-6c13e96965ca,55,1765440860122651657,1765440860372781657,250
dd8e5674-484b-4529-8035-cb158eb757b5,15500a9f-da4b-4f40-ac69-6c13e96965ca,56,1765440872294053657,1765440872564304657,270
dd8e5674-484b-4529-8035-cb158eb757b5,15500a9f-da4b-4f40-ac69-6c13e96965ca,57,1765440873385056657,1765440873655306657,270
dd8e5674-484b-4529-8035-cb158eb757b5,15500a9f-da4b-4f40-ac69-6c13e96965ca,58,1765440875932437657,1765440876192687657,260
dd8e5674-484b-4529-8035-cb158eb757b5,15500a9f-da4b-4f40-ac69-6c13e96965ca,59,1765440876437938657,1765440876673063657,235
dd8e5674-484b-4529-8035-cb158eb757b5,15500a9f-da4b-4f40-ac69-6c13e96965ca,60,1765440882123202657,1765440882338452657,215
dd8e5674-484b-4529-8035-cb158eb757b5,15500a9f-da4b-4f40-ac69-6c13e96965ca,61,1765440888799469657,1765440889049719657,250
dd8e5674-484b-4529-8035-cb158eb757b5,15500a9f-da4b-4f40-ac69-6c13e96965ca,62,1765440889595221657,1765440889870474657,275
dd8e5674-484b-4529-8035-cb158eb757b5,15500a9f-da4b-4f40-ac69-6c13e96965ca,63,1765440892262728657,1765440892577979657,315
dd8e5674-484b-4529-8035-cb158eb757b5,15500a9f-da4b-4f40-ac69-6c13e96965ca,64,1765440894564859657,1765440894835109657,270
dd8e5674-484b-4529-8035-cb158eb757b5,15500a9f-da4b-4f40-ac69-6c13e96965ca,65,1765440896016238657,1765440896311489657,295
dd8e5674-484b-4529-8035-cb158eb757b5,15500a9f-da4b-4f40-ac69-6c13e96965ca,66,1765440899409372657,1765440899749750657,340
dd8e5674-484b-4529-8035-cb158eb757b5,15500a9f-da4b-4f40-ac69-6c13e96965ca,67,1765440899984874657,1765440900305249657,320
dd8e5674-484b-4529-8035-cb158eb757b5,15500a9f-da4b-4f40-ac69-6c13e96965ca,68,1765440905269889657,1765440905535139657,265
dd8e5674-484b-4529-8035-cb158eb757b5,15500a9f-da4b-4f40-ac69-6c13e96965ca,69,1765440907567023657,1765440907767271657,200
dd8e5674-484b-4529-8035-cb158eb757b5,15500a9f-da4b-4f40-ac69-6c13e96965ca,70,1765440912396534657,1765440912656785657,260
dd8e5674-484b-4529-8035-cb158eb757b5,15500a9f-da4b-4f40-ac69-6c13e96965ca,71,1765440916890390657,1765440917150640657,260
dd8e5674-484b-4529-8035-cb158eb757b5,15500a9f-da4b-4f40-ac69-6c13e96965ca,72,1765440920473652657,1765440920769018657,295
dd8e5674-484b-4529-8035-cb158eb757b5,15500a9f-da4b-4f40-ac69-6c13e96965ca,73,1765440921339518657,1765440921679769657,340
dd8e5674-484b-4529-8035-cb158eb757b5,15500a9f-da4b-4f40-ac69-6c13e96965ca,74,1765440924117146657,1765440924522521657,405
dd8e5674-484b-4529-8035-cb158eb757b5,15500a9f-da4b-4f40-ac69-6c13e96965ca,75,1765440924582521657,1765440924867771657,285
dd8e5674-484b-4529-8035-cb158eb757b5,15500a9f-da4b-4f40-ac69-6c13e96965ca,76,1765440928936650657,1765440929146775657,210
dd8e5674-484b-4529-8035-cb158eb757b5,15500a9f-da4b-4f40-ac69-6c13e96965ca,77,1765440929642275657,1765440929907526657,265
dd8e5674-484b-4529-8035-cb158eb757b5,15500a9f-da4b-4f40-ac69-6c13e96965ca,78,1765440931073652657,1765440931293777657,220
dd8e5674-484b-4529-8035-cb158eb757b5,15500a9f-da4b-4f40-ac69-6c13e96965ca,79,1765440931524027657,1765440931824278657,300
dd8e5674-484b-4529-8035-cb158eb757b5,15500a9f-da4b-4f40-ac69-6c13e96965ca,80,1765440934997281657,1765440935267531657,270
dd8e5674-484b-4529-8035-cb158eb757b5,15500a9f-da4b-4f40-ac69-6c13e96965ca,81,1765440937824909657,1765440938090159657,265
dd8e5674-484b-4529-8035-cb158eb757b5,15500a9f-da4b-4f40-ac69-6c13e96965ca,82,1765440940517412657,1765440940792674657,275
dd8e5674-484b-4529-8035-cb158eb757b5,15500a9f-da4b-4f40-ac69-6c13e96965ca,83,1765440941943788657,1765440942199039657,255
dd8e5674-484b-4529-8035-cb158eb757b5,15500a9f-da4b-4f40-ac69-6c13e96965ca,84,1765440943695415657,1765440943945665657,250
dd8e5674-484b-4529-8035-cb158eb757b5,15500a9f-da4b-4f40-ac69-6c13e96965ca,85,1765440945361917657,1765440945662294657,300
dd8e5674-484b-4529-8035-cb158eb757b5,15500a9f-da4b-4f40-ac69-6c13e96965ca,86,1765440948099545657,1765440948409796657,310
dd8e5674-484b-4529-8035-cb158eb757b5,15500a9f-da4b-4f40-ac69-6c13e96965ca,87,1765440954030052657,1765440954380428657,350
dd8e5674-484b-4529-8035-cb158eb757b5,15500a9f-da4b-4f40-ac69-6c13e96965ca,88,1765440954890805657,1765440955201179657,310
dd8e5674-484b-4529-8035-cb158eb757b5,15500a9f-da4b-4f40-ac69-6c13e96965ca,89,1765440958469183657,1765440958694434657,225
dd8e5674-484b-4529-8035-cb158eb757b5,15500a9f-da4b-4f40-ac69-6c13e96965ca,90,1765440961477062657,1765440961822312657,345
dd8e5674-484b-4529-8035-cb158eb757b5,15500a9f-da4b-4f40-ac69-6c13e96965ca,91,1765440962137575657,1765440962477938657,340
dd8e5674-484b-4529-8035-cb158eb757b5,15500a9f-da4b-4f40-ac69-6c13e96965ca,92,1765440964039440657,1765440964509816657,470
dd8e5674-484b-4529-8035-cb158eb757b5,15500a9f-da4b-4f40-ac69-6c13e96965ca,93,1765440964765066657,1765440965130442657,365
dd8e5674-484b-4529-8035-cb158eb757b5,15500a9f-da4b-4f40-ac69-6c13e96965ca,94,1765440969679698657,1765440969894823657,215
dd8e5674-484b-4529-8035-cb158eb757b5,15500a9f-da4b-4f40-ac69-6c13e96965ca,95,1765440970565449657,1765440970855825657,290
dd8e5674-484b-4529-8035-cb158eb757b5,15500a9f-da4b-4f40-ac69-6c13e96965ca,96,1765440971100950657,1765440971376200657,275
dd8e5674-484b-4529-8035-cb158eb757b5,15500a9f-da4b-4f40-ac69-6c13e96965ca,97,1765440976651208657,1765440976896459657,245
dd8e5674-484b-4529-8035-cb158eb757b5,15500a9f-da4b-4f40-ac69-6c13e96965ca,98,1765440985469488657,1765440985759722657,290
dd8e5674-484b-4529-8035-cb158eb757b5,15500a9f-da4b-4f40-ac69-6c13e96965ca,99,1765440987651475657,1765440987931725657,280
dd8e5674-484b-4529-8035-cb158eb757b5,15500a9f-da4b-4f40-ac69-6c13e96965ca,100,1765440990524104657,1765440990829479657,305
dd8e5674-484b-4529-8035-cb158eb757b5,15500a9f-da4b-4f40-ac69-6c13e96965ca,101,1765440994527860657,1765440994753110657,225
dd8e5674-484b-4529-8035-cb158eb757b5,15500a9f-da4b-4f40-ac69-6c13e96965ca,102,1765440995598864657,1765440996049362657,450
dd8e5674-484b-4529-8035-cb158eb757b5,15500a9f-da4b-4f40-ac69-6c13e96965ca,103,1765440997570740657,1765440998016115657,445
dd8e5674-484b-4529-8035-cb158eb757b5,15500a9f-da4b-4f40-ac69-6c13e96965ca,104,1765440998831866657,1765440999167242657,335
dd8e5674-484b-4529-8035-cb158eb757b5,15500a9f-da4b-4f40-ac69-6c13e96965ca,105,1765441000678625657,1765441001013994657,335
dd8e5674-484b-4529-8035-cb158eb757b5,15500a9f-da4b-4f40-ac69-6c13e96965ca,106,1765441002174996657,1765441002460247657,285
dd8e5674-484b-4529-8035-cb158eb757b5,15500a9f-da4b-4f40-ac69-6c13e96965ca,107,1765441002755622657,1765441003040872657,285
dd8e5674-484b-4529-8035-cb158eb757b5,15500a9f-da4b-4f40-ac69-6c13e96965ca,108,1765441003841624657,1765441004076749657,235
dd8e5674-484b-4529-8035-cb158eb757b5,15500a9f-da4b-4f40-ac69-6c13e96965ca,109,1765441006023292657,1765441006248542657,225
dd8e5674-484b-4529-8035-cb158eb757b5,15500a9f-da4b-4f40-ac69-6c13e96965ca,110,1765441006703917657,1765441007054293657,350
dd8e5674-484b-4529-8035-cb158eb757b5,15500a9f-da4b-4f40-ac69-6c13e96965ca,111,1765441007845043657,1765441008110293657,265
dd8e5674-484b-4529-8035-cb158eb757b5,15500a9f-da4b-4f40-ac69-6c13e96965ca,112,1765441009061168657,1765441009336418657,275
dd8e5674-484b-4529-8035-cb158eb757b5,15500a9f-da4b-4f40-ac69-6c13e96965ca,113,1765441010207168657,1765441010622543657,415
dd8e5674-484b-4529-8035-cb158eb757b5,15500a9f-da4b-4f40-ac69-6c13e96965ca,114,1765441011828668657,1765441012159044657,330
dd8e5674-484b-4529-8035-cb158eb757b5,15500a9f-da4b-4f40-ac69-6c13e96965ca,115,1765441017689169657,1765441017909422657,220
dd8e5674-484b-4529-8035-cb158eb757b5,15500a9f-da4b-4f40-ac69-6c13e96965ca,116,1765441018214669657,1765441018424800657,210
dd8e5674-484b-4529-8035-cb158eb757b5,15500a9f-da4b-4f40-ac69-6c13e96965ca,117,1765441022373544657,1765441022653794657,280
dd8e5674-484b-4529-8035-cb158eb757b5,15500a9f-da4b-4f40-ac69-6c13e96965ca,118,1765441024695669657,1765441025011044657,315
dd8e5674-484b-4529-8035-cb158eb757b5,15500a9f-da4b-4f40-ac69-6c13e96965ca,119,1765441028344169657,1765441028639419657,295
dd8e5674-484b-4529-8035-cb158eb757b5,15500a9f-da4b-4f40-ac69-6c13e96965ca,120,1765441028719419657,1765441029014794657,295
dd8e5674-484b-4529-8035-cb158eb757b5,15500a9f-da4b-4f40-ac69-6c13e96965ca,121,1765441029845544657,1765441030150794657,305
dd8e5674-484b-4529-8035-cb158eb757b5,15500a9f-da4b-4f40-ac69-6c13e96965ca,122,1765441032167669657,1765441032392921657,225
dd8e5674-484b-4529-8035-cb158eb757b5,15500a9f-da4b-4f40-ac69-6c13e96965ca,123,1765441033313794657,1765441033654043657,340
dd8e5674-484b-4529-8035-cb158eb757b5,15500a9f-da4b-4f40-ac69-6c13e96965ca,124,1765441033764178657,1765441034089418657,325
dd8e5674-484b-4529-8035-cb158eb757b5,15500a9f-da4b-4f40-ac69-6c13e96965ca,125,1765441038643668657,1765441038888918657,245
dd8e5674-484b-4529-8035-cb158eb757b5,15500a9f-da4b-4f40-ac69-6c13e96965ca,126,1765441040200178657,1765441040430418657,230
dd8e5674-484b-4529-8035-cb158eb757b5,15500a9f-da4b-4f40-ac69-6c13e96965ca,127,1765441042987796657,1765441043243043657,255
dd8e5674-484b-4529-8035-cb158eb757b5,15500a9f-da4b-4f40-ac69-6c13e96965ca,128,1765441045014668657,1765441045339918657,325
dd8e5674-484b-4529-8035-cb158eb757b5,15500a9f-da4b-4f40-ac69-6c13e96965ca,129,1765441045605168657,1765441045860418657,255
dd8e5674-484b-4529-8035-cb158eb757b5,15500a9f-da4b-4f40-ac69-6c13e96965ca,130,1765441053847918657,1765441054098168657,250
dd8e5674-484b-4529-8035-cb158eb757b5,15500a9f-da4b-4f40-ac69-6c13e96965ca,131,1765441054318293657,1765441054593543657,275
dd8e5674-484b-4529-8035-cb158eb757b5,15500a9f-da4b-4f40-ac69-6c13e96965ca,132,1765441054993918657,1765441055249168657,255
dd8e5674-484b-4529-8035-cb158eb757b5,15500a9f-da4b-4f40-ac69-6c13e96965ca,133,1765441057281168657,1765441057516293657,235
dd8e5674-484b-4529-8035-cb158eb757b5,15500a9f-da4b-4f40-ac69-6c13e96965ca,134,1765441058021793657,1765441058352168657,330
dd8e5674-484b-4529-8035-cb158eb757b5,15500a9f-da4b-4f40-ac69-6c13e96965ca,135,1765441058527293657,1765441058837543657,310
dd8e5674-484b-4529-8035-cb158eb757b5,15500a9f-da4b-4f40-ac69-6c13e96965ca,136,1765441060584172657,1765441060844418657,260
dd8e5674-484b-4529-8035-cb158eb757b5,15500a9f-da4b-4f40-ac69-6c13e96965ca,137,1765441065799044657,1765441066094294657,295
dd8e5674-484b-4529-8035-cb158eb757b5,15500a9f-da4b-4f40-ac69-6c13e96965ca,138,1765441066429680657,1765441066724919657,295
dd8e5674-484b-4529-8035-cb158eb757b5,15500a9f-da4b-4f40-ac69-6c13e96965ca,139,1765441066995168657,1765441067235421657,240
dd8e5674-484b-4529-8035-cb158eb757b5,15500a9f-da4b-4f40-ac69-6c13e96965ca,140,1765441068841919657,1765441069137169657,295
dd8e5674-484b-4529-8035-cb158eb757b5,15500a9f-da4b-4f40-ac69-6c13e96965ca,141,1765441069967919657,1765441070243169657,275
dd8e5674-484b-4529-8035-cb158eb757b5,15500a9f-da4b-4f40-ac69-6c13e96965ca,142,1765441073466169657,1765441073781544657,315
dd8e5674-484b-4529-8035-cb158eb757b5,15500a9f-da4b-4f40-ac69-6c13e96965ca,143,1765441074412044657,1765441074697419657,285
dd8e5674-484b-4529-8035-cb158eb757b5,15500a9f-da4b-4f40-ac69-6c13e96965ca,144,1765441077359795657,1765441077630045657,270
dd8e5674-484b-4529-8035-cb158eb757b5,15500a9f-da4b-4f40-ac69-6c13e96965ca,145,1765441078616045657,1765441078921295657,305
dd8e5674-484b-4529-8035-cb158eb757b5,15500a9f-da4b-4f40-ac69-6c13e96965ca,146,1765441080547798657,1765441080858045657,310
dd8e5674-484b-4529-8035-cb158eb757b5,15500a9f-da4b-4f40-ac69-6c13e96965ca,147,1765441083165303657,1765441083445546657,280
dd8e5674-484b-4529-8035-cb158eb757b5,15500a9f-da4b-4f40-ac69-6c13e96965ca,148,1765441088164921657,1765441088405172657,240
dd8e5674-484b-4529-8035-cb158eb757b5,15500a9f-da4b-4f40-ac69-6c13e96965ca,149,1765441088885547657,1765441089180933657,295
dd8e5674-484b-4529-8035-cb158eb757b5,15500a9f-da4b-4f40-ac69-6c13e96965ca,150,1765441089961547657,1765441090206801657,245
dd8e5674-484b-4529-8035-cb158eb757b5,15500a9f-da4b-4f40-ac69-6c13e96965ca,151,1765441090617172657,1765441090902422657,285
dd8e5674-484b-4529-8035-cb158eb757b5,15500a9f-da4b-4f40-ac69-6c13e96965ca,152,1765441093044423657,1765441093404798657,360
dd8e5674-484b-4529-8035-cb158eb757b5,15500a9f-da4b-4f40-ac69-6c13e96965ca,153,1765441093850173657,1765441094205551657,355
dd8e5674-484b-4529-8035-cb158eb757b5,15500a9f-da4b-4f40-ac69-6c13e96965ca,154,1765441094686058657,1765441095006301657,320
dd8e5674-484b-4529-8035-cb158eb757b5,15500a9f-da4b-4f40-ac69-6c13e96965ca,155,1765441096002173657,1765441096312553657,310
dd8e5674-484b-4529-8035-cb158eb757b5,15500a9f-da4b-4f40-ac69-6c13e96965ca,156,1765441100496435657,1765441100791675657,295
dd8e5674-484b-4529-8035-cb158eb757b5,15500a9f-da4b-4f40-ac69-6c13e96965ca,157,1765441102833562657,1765441103143930657,310
dd8e5674-484b-4529-8035-cb158eb757b5,15500a9f-da4b-4f40-ac69-6c13e96965ca,158,1765441104760426657,1765441105030676657,270
dd8e5674-484b-4529-8035-cb158eb757b5,15500a9f-da4b-4f40-ac69-6c13e96965ca,159,1765441107903302657,1765441108178565657,275
dd8e5674-484b-4529-8035-cb158eb757b5,15500a9f-da4b-4f40-ac69-6c13e96965ca,160,1765441108458802657,1765441108924311657,466
dd8e5674-484b-4529-8035-cb158eb757b5,15500a9f-da4b-4f40-ac69-6c13e96965ca,161,1765441112882928657,1765441113148191657,265
dd8e5674-484b-4529-8035-cb158eb757b5,15500a9f-da4b-4f40-ac69-6c13e96965ca,162,1765441114354304657,1765441114649679657,295
dd8e5674-484b-4529-8035-cb158eb757b5,15500a9f-da4b-4f40-ac69-6c13e96965ca,163,1765441116671555657,1765441116991805657,320
dd8e5674-484b-4529-8035-cb158eb757b5,15500a9f-da4b-4f40-ac69-6c13e96965ca,164,1765441118398181657,1765441118653306657,255
dd8e5674-484b-4529-8035-cb158eb757b5,15500a9f-da4b-4f40-ac69-6c13e96965ca,165,1765441119709306657,1765441119929556657,220
dd8e5674-484b-4529-8035-cb158eb757b5,15500a9f-da4b-4f40-ac69-6c13e96965ca,166,1765441121821307657,1765441122066570657,245
dd8e5674-484b-4529-8035-cb158eb757b5,15500a9f-da4b-4f40-ac69-6c13e96965ca,167,1765441124178558657,1765441124418683657,240
dd8e5674-484b-4529-8035-cb158eb757b5,15500a9f-da4b-4f40-ac69-6c13e96965ca,168,1765441125219440657,1765441125544809657,325
dd8e5674-484b-4529-8035-cb158eb757b5,15500a9f-da4b-4f40-ac69-6c13e96965ca,169,1765441126535684657,1765441126805934657,270
dd8e5674-484b-4529-8035-cb158eb757b5,15500a9f-da4b-4f40-ac69-6c13e96965ca,170,1765441128742810657,1765441128962936657,220
dd8e5674-484b-4529-8035-cb158eb757b5,15500a9f-da4b-4f40-ac69-6c13e96965ca,171,1765441129428436657,1765441129693688657,265
dd8e5674-484b-4529-8035-cb158eb757b5,15500a9f-da4b-4f40-ac69-6c13e96965ca,172,1765441131785562657,1765441132030815657,245
dd8e5674-484b-4529-8035-cb158eb757b5,15500a9f-da4b-4f40-ac69-6c13e96965ca,173,1765441133041813657,1765441133332063657,290
dd8e5674-484b-4529-8035-cb158eb757b5,15500a9f-da4b-4f40-ac69-6c13e96965ca,174,1765441136254815657,1765441136535066657,280
dd8e5674-484b-4529-8035-cb158eb757b5,15500a9f-da4b-4f40-ac69-6c13e96965ca,175,1765441137145574657,1765441137445940657,300
dd8e5674-484b-4529-8035-cb158eb757b5,15500a9f-da4b-4f40-ac69-6c13e96965ca,176,1765441137611070657,1765441137951315657,340
dd8e5674-484b-4529-8035-cb158eb757b5,15500a9f-da4b-4f40-ac69-6c13e96965ca,177,1765441140894070657,1765441141159317657,265
dd8e5674-484b-4529-8035-cb158eb757b5,15500a9f-da4b-4f40-ac69-6c13e96965ca,178,1765441147300071657,1765441147555321657,255
dd8e5674-484b-4529-8035-cb158eb757b5,15500a9f-da4b-4f40-ac69-6c13e96965ca,179,1765441151403949657,1765441151699201657,295
dd8e5674-484b-4529-8035-cb158eb757b5,15500a9f-da4b-4f40-ac69-6c13e96965ca,180,1765441155782952657,1765441156078327657,295
dd8e5674-484b-4529-8035-cb158eb757b5,15500a9f-da4b-4f40-ac69-6c13e96965ca,181,1765441169350713657,1765441169610847657,260
dd8e5674-484b-4529-8035-cb158eb757b5,15500a9f-da4b-4f40-ac69-6c13e96965ca,182,1765441171052211657,1765441171307461657,255
dd8e5674-484b-4529-8035-cb158eb757b5,15500a9f-da4b-4f40-ac69-6c13e96965ca,183,1765441172898963657,1765441173154213657,255
dd8e5674-484b-4529-8035-cb158eb757b5,15500a9f-da4b-4f40-ac69-6c13e96965ca,184,1765441175846714657,1765441176141965657,295
dd8e5674-484b-4529-8035-cb158eb757b5,15500a9f-da4b-4f40-ac69-6c13e96965ca,185,1765441177703466657,1765441178008716657,305
dd8e5674-484b-4529-8035-cb158eb757b5,15500a9f-da4b-4f40-ac69-6c13e96965ca,186,1765441178939592657,1765441179229842657,290
dd8e5674-484b-4529-8035-cb158eb757b5,15500a9f-da4b-4f40-ac69-6c13e96965ca,187,1765441179890467657,1765441180240848657,350
dd8e5674-484b-4529-8035-cb158eb757b5,15500a9f-da4b-4f40-ac69-6c13e96965ca,188,1765441180631218657,1765441180966468657,335
dd8e5674-484b-4529-8035-cb158eb757b5,15500a9f-da4b-4f40-ac69-6c13e96965ca,189,1765441181822343657,1765441182187597657,365
dd8e5674-484b-4529-8035-cb158eb757b5,15500a9f-da4b-4f40-ac69-6c13e96965ca,190,1765441182703099657,1765441183008469657,305
dd8e5674-484b-4529-8035-cb158eb757b5,15500a9f-da4b-4f40-ac69-6c13e96965ca,191,1765441186741859657,1765441187162222657,420
dd8e5674-484b-4529-8035-cb158eb757b5,15500a9f-da4b-4f40-ac69-6c13e96965ca,192,1765441187552597657,1765441187872973657,320
dd8e5674-484b-4529-8035-cb158eb757b5,15500a9f-da4b-4f40-ac69-6c13e96965ca,193,1765441191901725657,1765441192146976657,245
dd8e5674-484b-4529-8035-cb158eb757b5,15500a9f-da4b-4f40-ac69-6c13e96965ca,194,1765441192592351657,1765441192867601657,275
dd8e5674-484b-4529-8035-cb158eb757b5,15500a9f-da4b-4f40-ac69-6c13e96965ca,195,1765441194579228657,1765441194834478657,255
dd8e5674-484b-4529-8035-cb158eb757b5,15500a9f-da4b-4f40-ac69-6c13e96965ca,196,1765441197241730657,1765441197511980657,270
dd8e5674-484b-4529-8035-cb158eb757b5,15500a9f-da4b-4f40-ac69-6c13e96965ca,197,1765441198532856657,1765441198743106657,210
dd8e5674-484b-4529-8035-cb158eb757b5,15500a9f-da4b-4f40-ac69-6c13e96965ca,198,1765441201890983657,1765441202201359657,310
dd8e5674-484b-4529-8035-cb158eb757b5,15500a9f-da4b-4f40-ac69-6c13e96965ca,199,1765441202536609657,1765441202796859657,260
dd8e5674-484b-4529-8035-cb158eb757b5,15500a9f-da4b-4f40-ac69-6c13e96965ca,200,1765441206445239657,1765441206715488657,270
dd8e5674-484b-4529-8035-cb158eb757b5,15500a9f-da4b-4f40-ac69-6c13e96965ca,201,1765441211449992657,1765441211715244657,265
dd8e5674-484b-4529-8035-cb158eb757b5,15500a9f-da4b-4f40-ac69-6c13e96965ca,202,1765441211980496657,1765441212330750657,350
dd8e5674-484b-4529-8035-cb158eb757b5,15500a9f-da4b-4f40-ac69-6c13e96965ca,203,1765441226248756657,1765441226534021657,285
dd8e5674-484b-4529-8035-cb158eb757b5,15500a9f-da4b-4f40-ac69-6c13e96965ca,204,1765441227349757657,1765441227665008657,315
dd8e5674-484b-4529-8035-cb158eb757b5,15500a9f-da4b-4f40-ac69-6c13e96965ca,205,1765441228145520657,1765441228485896657,340
dd8e5674-484b-4529-8035-cb158eb757b5,15500a9f-da4b-4f40-ac69-6c13e96965ca,206,1765441228721010657,1765441229106384657,385
dd8e5674-484b-4529-8035-cb158eb757b5,15500a9f-da4b-4f40-ac69-6c13e96965ca,207,1765441230963135657,1765441231258386657,295
dd8e5674-484b-4529-8035-cb158eb757b5,15500a9f-da4b-4f40-ac69-6c13e96965ca,208,1765441232639762657,1765441233030012657,390
dd8e5674-484b-4529-8035-cb158eb757b5,15500a9f-da4b-4f40-ac69-6c13e96965ca,209,1765441235062014657,1765441235347264657,285
